Nama Kabupaten/Kota,Latitude,Longitude
Kabupaten Pacitan,-8.118949,111.139634
Kabupaten Ponorogo,-7.925585,111.455208
Kabupaten Trenggalek,-8.106632,111.668102
Kabupaten Tulungagung,-8.108409,111.905953
Kabupaten Blitar,-8.150003,112.215583
Kabupaten Kediri,-7.818318,112.01952
Kabupaten Malang,-8.163351,112.580226
Kabupaten Lumajang,-8.134015,113.167232
Kabupaten Jember,-8.232371,113.633534
Kabupaten Banyuwangi,-8.219233,114.369227
Kabupaten Bondowoso,-7.924823,113.984025
Kabupaten Situbondo,-7.74797,114.004868
Kabupaten Probolinggo,-7.839849,113.344778
Kabupaten Pasuruan,-7.69741,112.839841
Kabupaten Sidoarjo,-7.447551,112.718306
Kabupaten Mojokerto,-7.554625,112.4934
Kabupaten Jombang,-7.556272,112.235548
Kabupaten Nganjuk,-7.585507,111.904256
Kabupaten Madiun,-7.604677,111.637568
Kabupaten Magetan,-7.643261,111.332306
Kabupaten Ngawi,-7.423985,111.353381
Kabupaten Bojonegoro,-7.218524,111.859665
Kabupaten Tuban,-6.953531,111.979201
Kabupaten Lamongan,-7.151778,112.290372
Kabupaten Gresik,-7.227221,112.56942
Kabupaten Bangkalan,-7.03923,112.756285
Kabupaten Sampang,-7.106263,113.25055
Kabupaten Pamekasan,-7.073408,113.5186
Kabupaten Sumenep,-7.065203,113.882196
Kota Kediri,-7.82284,112.011864
Kota Blitar,-8.098251,112.168134
Kota Malang,-7.9797,112.6304
Kota Probolinggo,-7.753896,113.211603
Kota Pasuruan,-7.636735,112.906806
Kota Mojokerto,-7.464674,112.434064
Kota Madiun,-7.629822,111.52391
Kota Surabaya,-7.250445,112.768845
Kota Batu,-7.8671,112.5239
