WKT,Nama Kabupaten/Kota,Latitude,Longitude
"POINT (106.799566 -6.597629)",Kabupaten Bogor,-6.597629,106.799566
"POINT (106.9447157 -6.8915396)",Kabupaten Sukabumi,-6.8915396,106.9447157
"POINT (107.142436 -6.820719)",Kabupaten Cianjur,-6.820719,107.142436
"POINT (107.5986742 -6.9064321)",Kabupaten Bandung,-6.9064321,107.5986742
"POINT (107.908699 -7.227906)",Kabupaten Garut,-7.227906,107.908699
"POINT (108.0993731 -7.36697)",Kabupaten Tasikmalaya,-7.36697,108.0993731
"POINT (108.3327455 -7.3369674)",Kabupaten Ciamis,-7.3369674,108.3327455
"POINT (108.483258 -6.975494)",Kabupaten Kuningan,-6.975494,108.483258
"POINT (108.5491346 -6.7536316)",Kabupaten Cirebon,-6.7536316,108.5491346
"POINT (108.225916 -6.837854)",Kabupaten Majalengka,-6.837854,108.225916
"POINT (107.925574 -6.83733)",Kabupaten Sumedang,-6.83733,107.925574
"POINT (108.156557 -6.42533)",Kabupaten Indramayu,-6.42533,108.156557
"POINT (107.75549 -6.551105)",Kabupaten Subang,-6.551105,107.75549
"POINT (107.447545 -6.581566)",Kabupaten Purwakarta,-6.581566,107.447545
"POINT (107.318856 -6.287841)",Kabupaten Karawang,-6.287841,107.318856
"POINT (107.170669 -6.368731)",Kabupaten Bekasi,-6.368731,107.170669
"POINT (107.5120104 -6.8796227)",Kabupaten Bandung Barat,-6.8796227,107.5120104
"POINT (108.6257305 -7.657453)",Kabupaten Pangandaran,-7.657453,108.6257305
"POINT (106.7750698 -6.5978291)",Kota Bogor,-6.5978291,106.7750698
"POINT (106.92873 -6.9237)",Kota Sukabumi,-6.9237,106.92873
"POINT (107.619123 -6.917464)",Kota Bandung,-6.917464,107.619123
"POINT (108.552316 -6.732023)",Kota Cirebon,-6.732023,108.552316
"POINT (106.975573 -6.23827)",Kota Bekasi,-6.23827,106.975573
"POINT (106.794241 -6.402484)",Kota Depok,-6.402484,106.794241
"POINT (107.545802 -6.885834)",Kota Cimahi,-6.885834,107.545802
"POINT (108.220556 -7.327402)",Kota Tasikmalaya,-7.327402,108.220556
"POINT (108.536952 -7.368067)",Kota Banjar,-7.368067,108.536952
